Category,Price,Origin
shirts,22.0,depop
shirts,18.0,depop
outerwear,25.0,depop
shirts,28.0,depop
outerwear,28.0,depop
bottoms,25.2,depop
outerwear,25.2,depop
bottoms,28.0,depop
bottoms,25.2,depop
bottoms,27.0,depop
shirts,29.0,depop
bottoms,35.0,depop
bottoms,22.0,depop
shirts,16.19,depop
outerwear,120.0,depop
shirts,22.5,depop
outerwear,22.5,depop
outerwear,35.1,depop
outerwear,23.75,depop
outerwear,20.7,depop
outerwear,22.5,depop
outerwear,22.5,depop
outerwear,27.0,depop
bottoms,25.5,depop
shirts,38.0,depop
shirts,20.69,depop
bottoms,21.24,depop
bottoms,22.49,depop
accessories,16.99,depop
bottoms,60.0,depop
bottoms,26.99,depop
bottoms,22.49,depop
outerwear,40.0,depop
bottoms,22.49,depop
outerwear,19.54,depop
outerwear,21.24,depop
outerwear,21.24,depop
outerwear,84.99,depop
outerwear,24.29,depop
outerwear,25.49,depop
outerwear,21.24,depop
outerwear,29.99,depop
outerwear,150.0,depop
outerwear,26.09,depop
shirts,18.69,depop
bottoms,26.99,depop
bottoms,26.99,depop
shirts,17.99,depop
shirts,21.24,depop
shirts,22.49,depop
shirts,24.99,depop
outerwear,36.89,depop
outerwear,89.99,depop
outerwear,34.99,depop
outerwear,44.99,depop
outerwear,22.49,depop
outerwear,25.49,depop
outerwear,23.0,depop
outerwear,39.0,depop
outerwear,39.0,depop
shirts,20.69,depop
shirts,22.99,depop
shirts,23.74,depop
bottoms,14.99,depop
bottoms,13.49,depop
bottoms,23.74,depop
shirts,80.0,depop
bottoms,22.0,depop
shirts,23.39,depop
outerwear,29.99,depop
outerwear,129.99,depop
outerwear,29.99,depop
outerwear,19.99,depop
outerwear,24.99,depop
outerwear,24.99,depop
outerwear,31.49,depop
outerwear,24.99,depop
outerwear,50.0,depop
shirts,89.99,depop
shirts,29.99,depop
shirts,29.99,depop
shirts,29.99,depop
shirts,29.99,depop
shirts,26.99,depop
bottoms,34.99,depop
shirts,29.99,depop
shirts,31.49,depop
outerwear,64.99,depop
outerwear,44.99,depop
outerwear,44.99,depop
shirts,34.99,depop
bottoms,39.99,depop
shirts,53.99,depop
outerwear,26.99,depop
bottoms,49.99,depop
outerwear,42.49,depop
shirts,29.99,depop
outerwear,39.99,depop
outerwear,129.99,depop
outerwear,49.99,depop
bottoms,49.99,depop
outerwear,39.99,depop
outerwear,49.99,depop
outerwear,44.99,depop
outerwear,32.99,depop
shirts,34.99,depop
shirts,300.0,depop
outerwear,90.0,depop
outerwear,60.0,depop
outerwear,27.0,depop
outerwear,55.0,depop
outerwear,25.0,depop
outerwear,65.0,depop
shirts,4.0,depop
shirts,35.0,depop
outerwear,52.25,depop
accessories,30.0,depop
shirts,40.0,depop
accessories,20.0,depop
outerwear,55.0,depop
outerwear,60.0,depop
outerwear,110.0,depop
accessories,35.0,depop
accessories,35.0,depop
outerwear,180.0,depop
shirts,70.0,depop
shirts,35.0,depop
shirts,50.0,depop
shirts,35.0,depop
shirts,65.0,depop
accessories,50.0,depop
outerwear,30.0,depop
shirts,20.0,depop
shirts,50.0,depop
outerwear,52.0,depop
footwear,125.0,depop
outerwear,26.0,depop
outerwear,35.0,depop
shirts,10.0,depop
shirts,200.0,depop
outerwear,120.0,depop
shirts,60.0,depop
outerwear,30.0,depop
shirts,5.0,depop
shirts,12.5,depop
shirts,65.0,depop
shirts,100.0,depop
shirts,20.0,depop
outerwear,35.0,depop
accessories,20.0,depop
accessories,20.0,depop
shirts,15.0,depop
shirts,20.0,depop
outerwear,20.0,depop
outerwear,20.0,depop
outerwear,20.0,depop
shirts,20.0,depop
shirts,20.0,depop
shirts,21.0,depop
shirts,25.0,depop
shirts,35.0,depop
shirts,20.0,depop
shirts,25.0,depop
shirts,20.0,depop
shirts,24.5,depop
shirts,25.0,depop
shirts,11.0,depop
shirts,15.0,depop
accessories,16.0,depop
shirts,15.0,depop
shirts,21.0,depop
shirts,25.0,depop
shirts,15.0,depop
shirts,15.0,depop
shirts,11.0,depop
shirts,15.0,depop
outerwear,16.0,depop
shirts,16.0,depop
shirts,16.0,depop
shirts,20.0,depop
outerwear,10.0,depop
shirts,15.0,depop
shirts,20.0,depop
outerwear,10.0,depop
shirts,20.0,depop
shirts,15.0,depop
shirts,10.0,depop
shirts,11.0,depop
shirts,15.0,depop
shirts,10.0,depop
shirts,10.0,depop
shirts,15.0,depop
shirts,10.0,depop
outerwear,5.0,depop
shirts,11.0,depop
shirts,10.0,depop
shirts,15.0,depop
shirts,15.0,depop
shirts,20.0,depop
outerwear,25.0,depop
outerwear,21.0,depop
outerwear,5.0,depop
outerwear,15.0,depop
outerwear,5.0,depop
shirts,10.0,depop
shirts,10.0,depop
shirts,18.5,depop
shirts,10.0,depop
shirts,15.0,depop
bottoms,60.0,depop
outerwear,80.0,depop
outerwear,80.0,depop
bottoms,40.0,depop
outerwear,80.0,depop
outerwear,60.0,depop
outerwear,70.0,depop
outerwear,100.0,depop
outerwear,40.0,depop
outerwear,475.0,depop
outerwear,400.0,depop
outerwear,195.0,depop
outerwear,275.0,depop
bottoms,30.0,depop
shirts,10.0,depop
bottoms,70.0,depop
bottoms,50.0,depop
shirts,15.0,depop
outerwear,160.0,depop
bottoms,300.0,depop
accessories,100.0,depop
outerwear,30.0,depop
shirts,20.0,depop
bottoms,175.0,depop
outerwear,20.0,depop
outerwear,12.0,depop
outerwear,15.0,depop
bottoms,20.0,depop
bottoms,25.0,depop
bottoms,175.0,depop
bottoms,70.0,depop
bottoms,45.0,depop
bottoms,60.0,depop
bottoms,75.0,depop
outerwear,25.0,depop
outerwear,20.0,depop
outerwear,20.0,depop
outerwear,25.0,depop
outerwear,30.0,depop
bottoms,45.0,depop
outerwear,400.0,depop
outerwear,300.0,depop
outerwear,240.0,depop
outerwear,160.0,depop
outerwear,140.0,depop
shirts,10.0,depop
outerwear,130.0,depop
shirts,30.0,depop
bottoms,40.0,depop
outerwear,15.0,depop
shirts,15.0,depop
shirts,25.0,depop
shirts,14.0,depop
outerwear,30.0,depop
shirts,22.0,depop
outerwear,25.0,depop
outerwear,20.0,depop
shirts,15.0,depop
shirts,35.0,depop
shirts,15.0,depop
shirts,24.0,depop
outerwear,30.0,depop
outerwear,24.0,depop
shirts,12.0,depop
shirts,10.0,depop
shirts,12.0,depop
shirts,15.0,depop
outerwear,15.0,depop
outerwear,8.0,depop
outerwear,15.0,depop
outerwear,20.0,depop
shirts,25.0,depop
outerwear,14.0,depop
bottoms,10.0,depop
shirts,14.0,depop
shirts,7.6,depop
shirts,11.0,depop
outerwear,20.0,depop
bottoms,30.0,depop
bottoms,50.0,depop
bottoms,30.0,depop
bottoms,30.0,depop
bottoms,35.0,depop
bottoms,35.0,depop
bottoms,40.0,depop
shirts,10.0,depop
bottoms,27.0,depop
outerwear,40.0,depop
shirts,15.0,depop
shirts,10.0,depop
bottoms,20.0,depop
bottoms,15.0,depop
bottoms,25.0,depop
outerwear,20.0,depop
outerwear,15.0,depop
outerwear,15.0,depop
outerwear,10.0,depop
outerwear,20.0,depop
shirts,8.0,depop
bottoms,20.0,depop
bottoms,45.0,depop
bottoms,85.0,depop
shirts,18.0,depop
bottoms,80.0,depop
bottoms,50.0,depop
footwear,120.0,depop
bottoms,70.0,depop
outerwear,25.0,depop
bottoms,50.0,depop
outerwear,20.0,depop
outerwear,200.0,depop
outerwear,325.0,depop
outerwear,375.0,depop
outerwear,290.0,depop
outerwear,400.0,depop
outerwear,70.0,depop
outerwear,20.0,depop
outerwear,75.0,depop
outerwear,50.0,depop
outerwear,15.0,depop
outerwear,25.0,depop
outerwear,25.0,depop
outerwear,275.0,depop
shirts,18.0,depop
outerwear,20.0,depop
outerwear,15.0,depop
bottoms,45.0,depop
shirts,25.0,depop
outerwear,20.0,depop
shirts,10.0,depop
shirts,12.0,depop
bottoms,40.0,depop
outerwear,36.0,depop
shirts,20.0,depop
outerwear,60.0,depop
outerwear,20.0,depop
shirts,30.0,depop
outerwear,50.0,depop
bottoms,27.0,depop
bottoms,22.0,depop
outerwear,18.0,depop
accessories,30.0,depop
bottoms,17.0,depop
shirts,25.0,depop
bottoms,30.0,depop
accessories,15.0,depop
shirts,15.0,depop
bottoms,30.0,depop
bottoms,18.0,depop
bottoms,25.0,depop
outerwear,28.0,depop
shirts,20.0,depop
bottoms,14.0,depop
bottoms,14.0,depop
bottoms,14.0,depop
outerwear,15.0,depop
shirts,12.0,depop
shirts,11.0,depop
outerwear,8.0,depop
shirts,10.0,depop
outerwear,7.6,depop
shirts,8.0,depop
outerwear,400.0,depop
outerwear,300.0,depop
outerwear,300.0,depop
outerwear,275.0,depop
outerwear,185.0,depop
outerwear,215.0,depop
outerwear,210.0,depop
shirts,30.0,depop
shirts,12.0,depop
shirts,10.0,depop
outerwear,15.0,depop
bottoms,25.0,depop
bottoms,20.0,depop
outerwear,290.0,depop
shirts,10.0,depop
outerwear,30.0,depop
bottoms,25.0,depop
outerwear,14.0,depop
bottoms,85.0,depop
outerwear,75.0,depop
shirts,10.0,depop
shirts,10.0,depop
shirts,13.0,depop
outerwear,25.0,depop
accessories,10.0,depop
outerwear,25.0,depop
shirts,45.0,depop
outerwear,269.5,depop
shirts,22.5,depop
outerwear,315.0,depop
outerwear,297.0,depop
outerwear,270.0,depop
outerwear,71.0,depop
bottoms,25.0,depop
outerwear,315.0,depop
outerwear,150.0,depop
shirts,12.0,depop
outerwear,287.99,depop
shirts,35.0,depop
bottoms,35.0,depop
shirts,10.0,depop
shirts,15.0,depop
outerwear,238.5,depop
outerwear,13.0,depop
shirts,10.0,depop
outerwear,8.0,depop
outerwear,100.0,depop
outerwear,20.0,depop
outerwear,38.0,depop
outerwear,26.0,depop
bottoms,37.0,depop
bottoms,22.0,depop
outerwear,33.0,depop
outerwear,20.0,depop
outerwear,35.0,depop
shirts,20.0,depop
shirts,12.0,depop
shirts,24.0,depop
outerwear,18.0,depop
shirts,5.0,depop
outerwear,8.0,depop
outerwear,12.0,depop
shirts,14.0,depop
outerwear,10.0,depop
shirts,10.0,depop
outerwear,300.0,depop
outerwear,160.0,depop
outerwear,40.0,depop
outerwear,25.0,depop
outerwear,20.0,depop
outerwear,15.0,depop
shirts,26.0,depop
bottoms,30.0,depop
outerwear,25.0,depop
bottoms,55.0,depop
outerwear,300.0,depop
bottoms,70.0,depop
outerwear,30.0,depop
bottoms,20.0,depop
outerwear,55.0,depop
bottoms,85.0,depop
bottoms,90.0,depop
outerwear,127.5,depop
shirts,22.0,depop
shirts,42.0,depop
shirts,10.0,depop
shirts,10.0,depop
bottoms,42.0,depop
outerwear,91.0,depop
outerwear,50.0,depop
outerwear,30.0,depop
shirts,19.6,depop
shirts,14.0,depop
outerwear,26.6,depop
outerwear,160.0,depop
shirts,18.0,depop
outerwear,30.0,depop
outerwear,249.99,depop
shirts,28.0,depop
outerwear,80.0,depop
outerwear,30.0,depop
outerwear,26.0,depop
outerwear,28.0,depop
shirts,17.0,depop
outerwear,32.0,depop
outerwear,26.0,depop
accessories,40.0,depop
outerwear,75.0,depop
shirts,18.0,depop
outerwear,20.0,depop
bottoms,33.0,depop
bottoms,40.0,depop
outerwear,27.0,depop
accessories,12.0,depop
outerwear,30.0,depop
shirts,15.0,depop
outerwear,140.0,depop
bottoms,55.0,depop
outerwear,30.0,depop
bottoms,25.0,depop
shirts,500.0,depop
shirts,500.0,depop
shirts,500.0,depop
outerwear,500.0,depop
footwear,25.0,depop
outerwear,100.0,depop
outerwear,40.0,depop
outerwear,45.0,depop
outerwear,45.0,depop
outerwear,40.0,depop
bottoms,15.0,depop
outerwear,90.0,depop
outerwear,180.0,depop
outerwear,110.0,depop
bottoms,80.0,depop
bottoms,80.0,depop
outerwear,126.0,depop
outerwear,210.0,depop
outerwear,126.0,depop
outerwear,24.0,depop
outerwear,50.0,depop
outerwear,28.0,depop
outerwear,15.0,depop
outerwear,18.0,depop
footwear,45.0,depop
outerwear,140.0,depop
outerwear,20.0,depop
outerwear,24.0,depop
bottoms,30.0,depop
outerwear,25.0,depop
outerwear,29.0,depop
outerwear,30.0,depop
outerwear,75.0,depop
shirts,25.0,depop
bottoms,50.0,depop
outerwear,25.0,depop
footwear,24.0,depop
outerwear,18.0,depop
bottoms,30.0,depop
bottoms,35.0,depop
bottoms,30.0,depop
bottoms,30.0,depop
outerwear,55.0,depop
outerwear,35.0,depop
outerwear,40.0,depop
shirts,20.0,depop
bottoms,25.0,depop
accessories,16.0,depop
bottoms,17.0,depop
shirts,24.0,depop
bottoms,30.0,depop
outerwear,25.0,depop
bottoms,27.0,depop
shirts,15.0,depop
bottoms,52.0,depop
bottoms,22.0,depop
outerwear,32.0,depop
outerwear,25.0,depop
outerwear,40.0,depop
outerwear,40.0,depop
accessories,15.0,depop
accessories,25.0,depop
shirts,20.0,depop
outerwear,30.0,depop
bottoms,27.0,depop
shirts,30.0,depop
outerwear,45.0,depop
outerwear,39.0,depop
outerwear,16.0,depop
shirts,14.0,depop
outerwear,20.0,depop
shirts,15.0,depop
outerwear,15.0,depop
shirts,12.0,depop
outerwear,15.0,depop
outerwear,30.0,depop
outerwear,16.0,depop
outerwear,20.0,depop
bottoms,21.0,depop
outerwear,25.0,depop
bottoms,18.0,depop
shirts,15.0,depop
shirts,80.75,depop
shirts,85.5,depop
bottoms,42.0,depop
outerwear,22.5,depop
bottoms,28.0,depop
bottoms,28.0,depop
bottoms,28.0,depop
bottoms,28.0,depop
bottoms,52.0,depop
bottoms,26.6,depop
bottoms,22.5,depop
bottoms,12.75,depop
outerwear,80.0,depop
outerwear,60.0,depop
outerwear,19.0,depop
shirts,7.12,depop
shirts,85.5,depop
outerwear,26.1,depop
outerwear,30.4,depop
shirts,32.3,depop
outerwear,24.0,depop
shirts,31.5,depop
shirts,38.0,depop
outerwear,26.0,depop
shirts,33.25,depop
shirts,21.85,depop
shirts,15.3,depop
shirts,67.5,depop
bottoms,32.0,depop
shirts,14.25,depop
outerwear,60.0,depop
shirts,23.4,depop
shirts,16.0,depop
bottoms,67.5,depop
outerwear,45.0,depop
outerwear,22.5,depop
outerwear,22.5,depop
outerwear,19.8,depop
outerwear,30.0,depop
outerwear,90.0,depop
outerwear,45.0,depop
outerwear,40.0,depop
bottoms,20.0,depop
bottoms,72.0,depop
bottoms,51.0,depop
bottoms,30.0,depop
bottoms,25.0,depop
bottoms,28.0,depop
bottoms,20.0,depop
bottoms,29.7,depop
shirts,35.0,depop
bottoms,5.0,depop
outerwear,18.0,depop
outerwear,34.0,depop
bottoms,24.0,depop
bottoms,17.6,depop
bottoms,20.0,depop
bottoms,15.75,depop
bottoms,25.0,depop
bottoms,18.4,depop
bottoms,27.0,depop
bottoms,22.4,depop
bottoms,22.95,depop
shirts,20.8,depop
shirts,16.15,depop
outerwear,35.0,depop
shirts,9.6,depop
shirts,17.1,depop
outerwear,18.0,depop
outerwear,16.15,depop
bottoms,17.0,depop
outerwear,30.0,depop
shirts,17.0,depop
outerwear,40.0,depop
outerwear,12.0,depop
bottoms,13.0,depop
outerwear,32.0,depop
shirts,10.0,depop
outerwear,35.0,depop
bottoms,33.25,depop
outerwear,20.0,depop
shirts,18.0,depop
outerwear,8.4,depop
outerwear,30.0,depop
bottoms,22.0,depop
bottoms,26.6,depop
outerwear,40.0,depop
shirts,11.25,depop
bottoms,25.5,depop
shirts,28.5,depop
shirts,20.0,depop
outerwear,23.75,depop
shirts,20.0,depop
shirts,22.0,depop
bottoms,25.0,depop
outerwear,80.0,depop
shirts,18.0,depop
shirts,21.25,depop
outerwear,25.0,depop
outerwear,23.0,depop
bottoms,22.5,depop
outerwear,20.0,depop
bottoms,25.0,depop
bottoms,20.0,depop
bottoms,27.0,depop
bottoms,26.0,depop
outerwear,85.0,depop
bottoms,20.0,depop
bottoms,22.0,depop
bottoms,25.0,depop
bottoms,19.95,depop
bottoms,38.0,depop
bottoms,45.0,depop
shirts,12.82,depop
bottoms,10.8,depop
shirts,17.1,depop
outerwear,10.5,depop
outerwear,23.0,depop
outerwear,16.0,depop
shirts,15.0,depop
shirts,40.0,depop
shirts,25.0,depop
shirts,17.0,depop
shirts,10.5,depop
outerwear,35.0,depop
shirts,30.0,depop
accessories,12.35,depop
outerwear,14.0,depop
outerwear,80.0,depop
shirts,14.4,depop
shirts,50.0,depop
shirts,120.0,depop
shirts,90.25,depop
shirts,14.25,depop
outerwear,25.0,depop
outerwear,25.0,depop
bottoms,30.0,depop
outerwear,80.0,depop
shirts,17.0,depop
outerwear,45.0,depop
shirts,22.0,depop
outerwear,120.0,depop
outerwear,20.0,depop
shirts,18.0,depop
shirts,38.0,depop
outerwear,18.0,depop
shirts,27.0,depop
shirts,11.4,depop
shirts,20.0,depop
shirts,17.5,depop
shirts,30.0,depop
shirts,30.0,depop
outerwear,13.0,depop
outerwear,30.0,depop
accessories,13.0,depop
shirts,60.0,depop
outerwear,20.0,depop
shirts,25.0,depop
shirts,18.0,depop
shirts,16.0,depop
shirts,15.0,depop
outerwear,28.5,depop
outerwear,13.5,depop
shirts,10.0,depop
accessories,6.4,depop
shirts,50.0,depop
outerwear,19.0,depop
outerwear,36.0,depop
outerwear,30.0,depop
shirts,38.0,depop
shirts,13.6,depop
outerwear,85.0,depop
shirts,22.5,depop
shirts,10.0,depop
shirts,33.25,depop
shirts,19.0,depop
shirts,25.5,depop
outerwear,30.0,depop
outerwear,28.0,depop
outerwear,45.0,depop
outerwear,13.5,depop
outerwear,29.75,depop
shirts,18.0,depop
outerwear,35.0,depop
shirts,16.0,depop
shirts,15.0,depop
bottoms,28.05,depop
bottoms,30.0,depop
shirts,22.0,depop
shirts,60.0,depop
shirts,10.0,depop
footwear,40.0,depop
shirts,13.5,depop
outerwear,40.0,depop
shirts,15.0,depop
accessories,22.1,depop
shirts,8.5,depop
bottoms,22.5,depop
shirts,13.0,depop
shirts,11.0,depop
shirts,14.0,depop
shirts,10.0,depop
shirts,15.0,depop
outerwear,15.0,depop
